LAT,LON,ALLSKY_SFC_SW_DWN_avg_autumn,ALLSKY_SFC_SW_DWN_avg_spring,ALLSKY_SFC_SW_DWN_avg_summer,ALLSKY_SFC_SW_DWN_avg_winter,PSH_avg_autumn,PSH_avg_spring,PSH_avg_summer,PSH_avg_winter,GWETROOT_avg_autumn,GWETROOT_avg_spring,GWETROOT_avg_summer,GWETROOT_avg_winter,GWETTOP_avg_autumn,GWETTOP_avg_spring,GWETTOP_avg_summer,GWETTOP_avg_winter,PRECTOTCORR_avg_autumn,PRECTOTCORR_avg_spring,PRECTOTCORR_avg_summer,PRECTOTCORR_avg_winter,RH2M_avg_autumn,RH2M_avg_spring,RH2M_avg_summer,RH2M_avg_winter,T2M_avg_autumn,T2M_avg_spring,T2M_avg_summer,T2M_avg_winter,TSOIL1_avg_autumn,TSOIL1_avg_spring,TSOIL1_avg_summer,TSOIL1_avg_winter,TSOIL4_avg_autumn,TSOIL4_avg_spring,TSOIL4_avg_summer,TSOIL4_avg_winter,WS2M_avg_autumn,WS2M_avg_spring,WS2M_avg_summer,WS2M_avg_winter,City,GOV,land_cover,elevation,Distance_to_Nile_km,Distance_to_Nearest_Coast_km,Cluster
22.5,25.5,22.42956043956044,27.03784782608696,28.860956521739134,19.16370288248337,0.5381978021978022,0.6491521739130435,0.6926521739130435,0.4600886917960088,0.36,0.3623478260869565,0.3613478260869565,0.36,0.0821978021978021,0.0963043478260869,0.0875434782608695,0.0841685144124168,0.001098901098901,0.0636739130434782,0.076195652173913,0.0020177383592017,30.01523076923077,20.08360869565217,20.310413043478263,42.25472283813748,22.462967032967036,22.03476086956522,29.554804347826085,11.34880266075388,24.02769230769231,22.783565217391303,31.262565217391305,12.01638580931264,26.37564835164835,19.36882608695652,26.90476086956522,17.519623059866962,2.7640659340659344,3.014369565217391,3.017413043478261,2.624279379157428,Shurtah al-Dakhlah,Al Wadi al Jadid,Sparse Vegetation,805.0,533.8819044346302,971.7780706469144,0
22.5,26.5,22.23542857142857,26.829434782608693,28.75402173913044,19.017827050997784,0.5335824175824175,0.6440869565217391,0.6901304347826086,0.4563192904656319,0.27,0.2738260869565218,0.2701304347826087,0.27,0.0689230769230769,0.0828478260869565,0.0666304347826087,0.0706430155210643,0.0086373626373626,0.0908913043478261,0.034391304347826,0.0037472283813747,29.953296703296704,20.114804347826087,19.573565217391305,41.960110864745005,23.107252747252744,22.39410869565217,30.434934782608696,11.92128603104213,24.51630769230769,22.947695652173916,32.01732608695652,12.446274944567628,26.924703296703296,19.66,27.442891304347825,17.901951219512195,2.977186813186813,2.966478260869565,3.0819782608695654,2.658359201773836,Shurtah al-Dakhlah,Al Wadi al Jadid,Sparse Vegetation,553.0,438.8102217954129,884.0355323779513,0
22.5,27.5,21.751318681318683,26.726,28.52778260869565,18.712549889135257,0.521956043956044,0.6415,0.6847391304347826,0.4492017738359202,0.150021978021978,0.1542391304347826,0.1510869565217391,0.1507317073170731,0.0506813186813186,0.064195652173913,0.047891304347826,0.0617073170731707,0.0042637362637362,0.0756086956521739,0.0038478260869565,0.0139024390243902,29.884571428571427,19.831260869565217,19.009934782608696,41.84629711751663,24.581846153846158,23.603652173913044,32.04876086956522,13.16669623059867,25.797846153846155,23.95058695652174,33.33684782608696,13.638425720620845,28.183846153846154,20.739282608695653,28.72321739130435,18.99651884700665,3.4209670329670328,3.0195,3.3561521739130438,2.7280931263858093,Shurtah al-Dakhlah,Al Wadi al Jadid,Sparse Vegetation,372.0,348.3191510706053,796.836224538741,2
22.5,28.5,21.663406593406595,26.751478260869565,28.31226086956521,18.575742793791573,0.5198021978021978,0.6420869565217392,0.6794782608695652,0.4459866962305986,0.2,0.2,0.2,0.2,0.0463296703296703,0.0503043478260869,0.0464130434782608,0.0575609756097561,0.0002637362637362,0.0032608695652173,0.0098695652173913,0.0073614190687361,29.34325274725275,19.13360869565217,18.584173913043475,41.28980044345898,25.49936263736264,24.35271739130435,32.78402173913043,13.760443458980044,26.729714285714287,24.73154347826087,33.99036956521739,14.302705099778272,29.03276923076923,21.46793478260869,29.388543478260868,19.8239911308204,3.633692307692308,3.2066304347826087,3.60254347826087,2.837560975609756,Shurtah al-Dakhlah,Al Wadi al Jadid,Sparse Vegetation,276.0,266.4482689823212,709.62264793751,2
22.5,29.5,21.58101098901099,26.70923913043478,27.83015217391305,18.63039911308204,0.5178681318681319,0.6413478260869565,0.6681521739130435,0.4471175166297118,0.2,0.2,0.2,0.2003547671840354,0.0517362637362637,0.0543043478260869,0.0458478260869565,0.0629046563192904,0.0041098901098901,0.0022826086956521,0.0092826086956521,0.006940133037694,28.525934065934063,18.71926086956522,18.195586956521737,40.271086474501104,26.13213186813187,24.82382608695652,33.2859347826087,14.244035476718404,27.487032967032967,25.369239130434785,34.59510869565217,14.957317073170731,29.717736263736263,22.10732608695652,30.00334782608696,20.484722838137472,3.5829450549450548,3.234195652173913,3.5829782608695653,2.8309534368070954,Baris Shurtah,Al Wadi al Jadid,Bare Areas,254.0,187.1264906911073,619.174530481912,2
22.5,30.5,21.64578021978022,26.850739130434786,27.908978260869564,18.66791574279379,0.5194725274725275,0.6443478260869565,0.669913043478261,0.4480266075388027,0.200021978021978,0.2,0.2,0.2,0.0471648351648351,0.0445,0.0376521739130434,0.0538137472283813,0.0075384615384615,0.0004782608695652,0.0044565217391304,0.003370288248337,27.704989010989014,18.122804347826087,17.90754347826087,38.74545454545455,27.026,25.55195652173913,33.88508695652174,15.037427937915744,28.653472527472527,26.43108695652174,35.408956521739135,16.026319290465633,30.758615384615386,23.18052173913044,30.94341304347826,21.553503325942348,3.517274725274725,3.2533695652173917,3.616217391304348,2.805210643015521,Baris Shurtah,Al Wadi al Jadid,Bare Areas,235.0,101.25415308445687,523.2130948310134,2
22.5,31.5,21.47534065934066,27.00126086956522,27.595260869565216,18.84219512195122,0.5152747252747253,0.6480217391304347,0.6623478260869565,0.4522616407982261,0.2,0.2,0.2,0.2,0.0368131868131868,0.0414130434782608,0.0349782608695652,0.0460088691796008,0.0015604395604395,8.695652173913044e-05,0.000195652173913,0.0019512195121951,27.402109890109887,18.565652173913044,18.354304347826087,38.19920177383592,27.665142857142857,26.011065217391305,34.15369565217392,15.59649667405765,29.49241758241758,27.070521739130434,35.833173913043474,16.710354767184036,31.436021978021977,23.83345652173913,31.472282608695654,22.23889135254989,3.482989010989011,3.283108695652174,3.688478260869565,2.868159645232816,Unorganized in Aswan,Aswan,Sparse Vegetation,204.0,22.634657284906435,423.5376782858488,2
22.5,32.5,21.38070329670329,26.938108695652176,27.45295652173913,18.823924611973396,0.5131868131868131,0.6465217391304348,0.6588695652173913,0.4517073170731707,0.24,0.24,0.2403260869565217,0.2414412416851441,0.0522417582417582,0.0569565217391304,0.0466086956521739,0.0755432372505543,0.0051648351648351,0.0016739130434782,0.0150652173913043,0.0158314855875831,28.46283516483517,20.843478260869563,19.76480434782609,39.69509977827051,28.67520879120879,26.626739130434785,34.68278260869565,16.602838137472283,31.173736263736263,28.31836956521739,37.052,18.25361419068736,32.90428571428571,25.16660869565217,32.70876086956522,23.78314855875832,3.2167472527472527,3.262413043478261,3.714108695652174,2.9088248337028824,Unorganized in Aswan,Aswan,Bare Areas,253.0,17.11861705633435,325.21344453506674,2
22.5,33.5,21.24276923076923,26.84186956521739,27.13358695652174,18.668226164079822,0.5096483516483516,0.644108695652174,0.6509565217391304,0.4480487804878049,0.3108131868131867,0.3105217391304348,0.3101739130434783,0.3179157427937916,0.066087912087912,0.0725217391304347,0.0542826086956521,0.1343680709534368,0.0459120879120879,0.0033478260869565,0.0171739130434782,0.0709312638580931,26.914153846153848,18.94458695652174,16.544152173913044,38.24957871396896,30.09213186813187,27.694695652173912,35.53721739130435,18.027450110864745,32.85276923076923,29.711521739130436,38.03328260869566,19.92128603104213,34.27483516483516,26.60180434782609,33.87317391304348,25.4069623059867,3.1556263736263737,3.309195652173913,3.874347826086957,2.9736807095343685,Unorganized in Aswan,Aswan,Bare Areas,279.0,99.6562976997392,227.0636197530061,2
22.5,34.5,21.08287912087912,26.705782608695653,26.92582608695652,18.476274944567624,0.506,0.6409347826086956,0.6460652173913043,0.4435033259423503,0.3228131868131868,0.3267173913043478,0.3219565217391304,0.3301773835920177,0.0706373626373626,0.0769130434782608,0.0570652173913043,0.1390465631929046,0.046043956043956,0.0040434782608695,0.0134565217391304,0.0679379157427937,30.49468131868132,21.564652173913043,16.683282608695652,42.41070953436807,29.47268131868132,27.01180434782609,35.01530434782609,17.649556541019955,32.25573626373627,29.09086956521739,37.59002173913044,19.53738359201774,33.742000000000004,26.07382608695652,33.40241304347826,25.002195121951218,3.096065934065934,3.294391304347826,3.720217391304348,3.0017294900221727,Ash-Shalatin,Al Bahr al Ahmar,Rainfed Croplands,462.0,184.6109259696284,131.32422492644102,2
22.5,35.5,20.39487912087912,26.01921739130435,26.31569565217391,17.37,0.4893186813186813,0.6245869565217391,0.6315217391304347,0.4169179600886918,0.2167252747252747,0.2203260869565217,0.2122173913043478,0.2286252771618625,0.1039560439560439,0.1085217391304347,0.0616739130434782,0.1726164079822616,0.1936263736263736,0.1344565217391304,0.0216739130434782,0.2163192904656319,48.70320879120879,37.987021739130434,26.42932608695652,55.54126385809312,29.074,26.32671739130435,34.54632608695652,19.32572062084257,31.92767032967033,28.75728260869565,37.451260869565225,21.25436807095344,33.48536263736264,26.48567391304348,33.35632608695652,25.998226164079824,2.659736263736264,2.937891304347826,3.1965000000000003,2.8483148558758318,Ash-Shalatin,Al Bahr al Ahmar,Bare Areas,243.0,278.47749228695244,46.11802933493609,2
23.5,25.5,22.007626373626373,26.582500000000003,28.771521739130435,18.39088691796009,0.528065934065934,0.6379782608695651,0.6905434782608695,0.441330376940133,0.2164615384615384,0.2183260869565217,0.2139130434782608,0.2195787139689578,0.0533626373626373,0.064695652173913,0.0533043478260869,0.0597339246119733,0.0009010989010989,0.0320434782608695,0.0152608695652173,0.0060975609756097,31.708043956043955,20.661717391304347,21.02678260869565,43.337050997782704,22.241956043956044,22.093152173913044,29.36210869565217,11.39760532150776,23.959164835164835,23.087456521739128,31.27173913043478,12.219290465631929,26.333384615384617,19.581956521739134,27.03413043478261,17.59359201773836,3.2850989010989013,3.485195652173913,3.420804347826087,2.8841463414634148,Shurtah al-Dakhlah,Al Wadi al Jadid,Rainfed Croplands,771.0,581.02029751497,875.2692590550911,0
23.5,26.5,22.266,27.003717391304345,28.888760869565218,18.859866962305983,0.5344175824175824,0.6480217391304347,0.6932391304347826,0.4525498891352549,0.33,0.3315652173913043,0.3302826086956522,0.3301330376940133,0.0748131868131868,0.1,0.0760434782608695,0.0884257206208425,0.0014945054945054,0.0569782608695652,0.0278695652173913,0.0159423503325942,34.75232967032967,22.89232608695652,22.583760869565214,47.11294900221729,21.02967032967033,20.73769565217391,28.25382608695652,10.368713968957872,22.75138461538461,21.693891304347822,30.168000000000003,11.214279379157428,25.17432967032967,18.34710869565217,25.826108695652174,16.577472283813748,3.084923076923077,3.202282608695652,3.3169565217391304,2.845210643015521,Shurtah al-Dakhlah,Al Wadi al Jadid,Sparse Vegetation,774.0,495.47487205309545,828.9962265041688,0
23.5,27.5,21.916175824175827,26.82613043478261,28.850760869565217,18.53649667405765,0.525978021978022,0.6438043478260869,0.6923478260869566,0.4448558758314855,0.198,0.1995652173913043,0.1978478260869565,0.1996674057649667,0.0488131868131868,0.0664782608695652,0.0499347826086956,0.0572727272727272,0.0007472527472527,0.0206739130434782,0.0063478260869565,0.0078048780487804,32.667692307692306,21.84763043478261,20.706021739130435,45.35858093126386,23.52004395604396,22.591739130434785,30.919934782608696,12.291042128603104,24.828703296703296,23.19026086956522,32.33967391304348,12.85971175166297,27.19975824175824,19.902608695652177,27.76947826086956,18.249756097560976,3.597472527472527,3.276913043478261,3.733434782608696,2.966430155210643,Shurtah al-Dakhlah,Al Wadi al Jadid,Sparse Vegetation,460.0,413.95658795798937,738.894952516097,0
23.5,28.5,21.594373626373628,26.621695652173912,28.578978260869565,18.29223946784922,0.5183076923076924,0.6391956521739129,0.6856521739130435,0.4387139689578714,0.2,0.2,0.2,0.2,0.0461318681318681,0.0604782608695652,0.0439347826086956,0.0641019955654102,0.0009450549450549,0.0046521739130434,0.000891304347826,0.0119512195121951,30.74208791208791,20.46645652173913,19.40782608695652,43.03523281596452,25.27195604395604,24.10008695652174,32.49826086956522,13.63259423503326,26.603956043956043,24.6839347826087,33.86476086956522,14.26339246119734,28.881736263736265,21.39713043478261,29.321456521739133,19.77361419068736,3.787208791208792,3.405826086956522,3.888717391304348,2.990842572062084,Shurtah al-Dakhlah,Al Wadi al Jadid,Sparse Vegetation,290.0,333.90149897148035,651.929414217264,2
23.5,29.5,21.33923076923077,26.497108695652173,28.1285652173913,18.09219512195122,0.5121538461538462,0.6361739130434783,0.675,0.4343015521064302,0.2,0.2,0.2,0.2,0.045032967032967,0.0589782608695652,0.0430434782608695,0.061840354767184,0.0005054945054945,0.0032608695652173,0.0005,0.0110864745011086,30.109516483516483,20.14845652173913,19.061608695652176,42.09077605321507,25.766703296703295,24.42617391304348,32.86717391304348,14.034013303769402,27.137934065934065,25.06317391304348,34.27202173913043,14.72521064301552,29.350725274725274,21.805108695652176,29.72,20.2260088691796,3.821648351648352,3.490369565217391,3.933782608695652,3.0592461197339245,Baris Shurtah,Al Wadi al Jadid,Sparse Vegetation,248.0,248.0489937052358,563.9911438733602,2
23.5,30.5,21.335538461538462,26.64617391304348,28.161565217391303,18.18057649667406,0.512065934065934,0.6396086956521738,0.6757173913043478,0.4361862527716186,0.32,0.32,0.32,0.32,0.050043956043956,0.0619130434782608,0.0496086956521739,0.0623946784922394,0.0013846153846153,0.0018043478260869,6.521739130434782e-05,0.0066518847006651,29.307538461538464,19.19626086956522,18.56193478260869,40.4579822616408,26.82204395604396,25.39241304347826,33.73463043478261,14.97079822616408,28.587010989010988,26.465260869565217,35.447,16.088359201773837,30.6630989010989,23.14808695652174,30.890086956521746,21.61560975609756,3.8064615384615386,3.526717391304348,3.940108695652174,2.969778270509978,Baris Shurtah,Al Wadi al Jadid,Sparse Vegetation,154.0,173.4315946360395,474.6215130001031,2
23.5,31.5,21.35421978021978,26.923782608695653,28.15686956521739,18.485565410199555,0.5125934065934066,0.6461956521739131,0.6758913043478261,0.4439246119733925,0.32,0.32,0.32,0.32,0.0492307692307692,0.0560869565217391,0.0474347826086956,0.0583813747228381,0.0022197802197802,0.0006086956521739,6.521739130434783e-05,0.0034368070953436,28.646791208791207,18.842021739130438,18.726434782608692,39.69946784922394,27.014615384615382,25.38228260869565,33.420043478260865,15.10157427937916,28.60810989010989,26.244847826086957,34.876652173913044,16.018625277161863,30.48334065934066,23.00226086956522,30.53371739130435,21.538248337028826,3.697934065934066,3.536586956521739,3.949217391304348,3.0084478935698447,Baris Shurtah,Al Wadi al Jadid,Bare Areas,348.0,104.82512280266504,384.4734325466072,2
23.5,32.5,21.192593406593407,26.70178260869565,27.867521739130435,18.295343680709536,0.5089450549450549,0.6405434782608695,0.6689782608695652,0.4390909090909091,0.2104835164835165,0.2127391304347826,0.21,0.2147228381374722,0.0418461538461538,0.0502391304347826,0.0401521739130434,0.0566740576496674,0.002087912087912,0.0006086956521739,0.0005434782608695,0.009090909090909,29.393054945054946,21.44241304347826,20.292608695652174,40.68731707317073,28.22336263736264,26.162260869565216,34.33913043478261,16.18709534368071,30.60734065934066,27.76830434782609,36.67173913043478,17.6390243902439,32.39687912087912,24.592717391304348,32.29186956521739,23.19388026607539,3.5727692307692305,3.534217391304348,4.055978260869566,3.185121951219512,Unorganized in Aswan,Aswan,Bare Areas,184.0,38.44182223925551,290.92107494366167,2
23.5,33.5,20.986703296703297,26.6595,27.568847826086955,18.213458980044347,0.5037362637362637,0.6396739130434783,0.661804347826087,0.4370509977827051,0.33,0.3300434782608695,0.33,0.3307982261640798,0.0561978021978021,0.0811739130434782,0.056195652173913,0.111330376940133,0.0029670329670329,0.0150217391304347,0.0011739130434782,0.0617960088691796,28.519736263736263,20.20189130434783,17.48710869565217,42.400465631929045,28.17694505494505,25.86023913043478,33.90408695652174,15.973658536585363,30.34736263736264,27.26515217391304,35.92104347826087,17.309268292682926,31.9416043956044,24.143956521739128,31.638739130434782,22.91405764966741,2.912043956043956,3.130434782608696,3.7375217391304343,2.754124168514412,Ash-Shalatin,Al Bahr al Ahmar,Rainfed Croplands,348.0,58.04252027732454,200.6500957243023,2
23.5,34.5,20.80430769230769,26.46454347826087,27.32054347826087,17.976651884700665,0.4993626373626373,0.635304347826087,0.6555652173913044,0.4312638580931264,0.3312967032967033,0.3358260869565218,0.3308478260869565,0.338669623059867,0.0566153846153846,0.0799347826086956,0.0563260869565217,0.1229933481152993,0.0097802197802197,0.0282608695652173,0.000391304347826,0.0863858093126385,29.48956043956044,21.369304347826084,16.95308695652174,43.64962305986696,28.967076923076924,26.46271739130435,34.57326086956522,16.80951219512195,31.43448351648352,28.146195652173912,36.85621739130435,18.32878048780488,32.93010989010989,25.05884782608696,32.55684782608696,23.91068736141907,2.6764395604395603,2.9065434782608697,3.6705,2.6415299334811526,Ash-Shalatin,Al Bahr al Ahmar,Rainfed Croplands,472.0,159.40180548546203,101.07544209305644,2
24.5,25.5,21.54492307692308,26.46126086956522,28.703217391304342,17.86250554323725,0.5170109890109891,0.6349565217391304,0.6885869565217392,0.4285144124168514,0.1904615384615384,0.1980217391304347,0.1908695652173913,0.1913747228381374,0.0599120879120879,0.0937173913043478,0.0586086956521739,0.1004878048780487,0.0078461538461538,0.1156304347826086,0.003891304347826,0.0428824833702882,35.6469010989011,24.09228260869565,22.813695652173912,48.64057649667406,21.816241758241755,21.46845652173913,29.34523913043478,11.07960088691796,23.34,22.309065217391304,31.11115217391304,11.7180044345898,25.87632967032967,18.94302173913044,26.67910869565217,17.12441241685144,2.552593406593407,2.983608695652174,2.8705434782608696,2.4118181818181816,Shurtah al-Dakhlah,Al Wadi al Jadid,Rainfed Croplands,597.0,627.5480877049309,768.8052803307057,0
24.5,26.5,21.533538461538463,26.45545652173913,28.959173913043475,17.999268292682927,0.5167692307692308,0.6348695652173914,0.6949130434782608,0.4321507760532151,0.1,0.1115869565217391,0.1024782608695652,0.1003991130820399,0.0523076923076923,0.0757826086956521,0.051195652173913,0.0827494456762749,0.0082857142857142,0.1547608695652174,0.0050434782608695,0.0576053215077605,37.46094505494506,25.689586956521737,24.065934782608696,51.26119733924612,21.213296703296702,20.667978260869567,28.6125,10.395188470066518,22.31424175824176,21.102239130434786,29.89782608695652,10.674678492239469,24.78923076923077,17.82263043478261,25.63591304347826,15.93088691796009,2.535538461538461,2.8779130434782605,2.906195652173913,2.414190687361419,Shurtah al-Dakhlah,Al Wadi al Jadid,Sparse Vegetation,639.0,544.2824539901299,743.8951088508571,0
24.5,27.5,21.545274725274727,26.463565217391302,28.90943478260869,17.960731707317073,0.5168571428571428,0.6352391304347825,0.6938913043478261,0.4310864745011087,0.15,0.157,0.1508478260869565,0.1501552106430155,0.0566153846153846,0.0806304347826087,0.0539130434782608,0.0796230598669623,0.005010989010989,0.1185869565217391,0.0022608695652173,0.0280044345898004,36.11457142857143,25.0135,22.926239130434784,49.86427937915743,22.58026373626374,21.53604347826087,29.91354347826087,11.472838137472284,23.80032967032967,22.045391304347824,31.239652173913043,11.928647450110864,26.14386813186813,18.86341304347826,26.774760869565217,17.250221729490022,3.29,3.2111304347826084,3.605282608695653,2.8647671840354767,Shurtah al-Dakhlah,Al Wadi al Jadid,Sparse Vegetation,488.0,467.6383232908354,690.8323449664041,0
24.5,28.5,21.36331868131868,26.33647826086957,28.690782608695653,17.862616407982262,0.5127252747252747,0.6321304347826087,0.6885869565217392,0.4286917960088692,0.2,0.2015869565217391,0.2,0.2003547671840354,0.0514725274725274,0.0807608695652173,0.0495217391304347,0.0719512195121951,0.002065934065934,0.0248478260869565,4.347826086956522e-05,0.041330376940133,33.5392967032967,22.852695652173917,21.110021739130435,46.41940133037694,24.400417582417585,23.19728260869565,31.61532608695652,12.98680709534368,25.95712087912088,24.077608695652174,33.24754347826087,13.790532150776052,28.223736263736264,20.816586956521736,28.73245652173913,19.25842572062084,3.679274725274725,3.510217391304348,3.936239130434783,3.003991130820399,Shurtah al-Dakhlah,Al Wadi al Jadid,Sparse Vegetation,338.0,394.1929428239195,597.6700544007805,0
24.5,29.5,21.032989010989013,26.25621739130435,28.26910869565217,17.675321507760533,0.5045714285714286,0.6299130434782608,0.6786086956521739,0.4241685144124169,0.2,0.2023913043478261,0.2,0.2004212860310421,0.0519340659340659,0.0848478260869565,0.0505652173913043,0.0760532150776053,0.0019120879120879,0.0247826086956521,6.521739130434782e-05,0.0538359201773835,33.48505494505495,22.964804347826085,21.14891304347826,46.30862527716186,24.54210989010989,23.208565217391307,31.619847826086957,13.069356984478937,25.995978021978026,23.963391304347827,33.14382608695652,13.776740576496676,28.19551648351648,20.740760869565214,28.645978260869565,19.23552106430155,3.653516483516484,3.4848695652173918,3.919282608695653,3.027228381374723,Al-Wahat al-Kharijah,Al Wadi al Jadid,Sparse Vegetation,332.0,314.9289565025408,507.24984661363374,0
24.5,30.5,21.02997802197802,26.39115217391305,28.09073913043478,17.692993348115298,0.5048571428571429,0.6335000000000001,0.6743260869565217,0.4248780487804878,0.23,0.2308695652173913,0.2293913043478261,0.2302882483370288,0.0536703296703296,0.0769130434782608,0.0529782608695652,0.0789356984478935,0.0022197802197802,0.0065652173913043,0.0002391304347826,0.0471840354767184,32.05450549450549,21.47163043478261,20.189195652173915,44.21223946784923,26.071252747252743,24.599804347826087,33.05695652173913,14.279645232815964,27.557824175824173,25.33491304347826,34.535000000000004,15.026119733924611,29.63986813186813,22.063108695652176,29.985695652173916,20.54330376940133,3.427648351648352,3.295021739130435,3.726108695652174,2.610088691796009,Al-Wahat al-Kharijah,Al Wadi al Jadid,Sparse Vegetation,124.0,225.71338386764705,419.9573342529621,2
24.5,31.5,21.147846153846157,26.873891304347826,28.37273913043478,17.98011086474501,0.5076043956043956,0.6450434782608695,0.6809999999999999,0.4311308203991131,0.321032967032967,0.3269130434782608,0.3221304347826087,0.3255432372505543,0.0619120879120879,0.0817608695652173,0.0606521739130434,0.0881374722838137,0.010021978021978,0.0043043478260869,0.0001086956521739,0.0247228381374722,32.84285714285714,21.90802173913044,21.37260869565217,45.0970066518847,25.158285714285714,23.57904347826087,31.543586956521736,13.466829268292685,26.44487912087912,24.10573913043478,32.7385,14.006385809312638,28.321186813186813,20.923195652173916,28.44773913043478,19.509246119733923,3.53,3.493413043478261,3.8592608695652175,2.8872283813747237,Al-Wahat al-Kharijah,Al Wadi al Jadid,Bare Areas,438.0,137.67772303612756,330.7314236035645,2
24.5,32.5,20.92063736263736,26.579652173913043,28.154521739130438,17.8459866962306,0.5018681318681318,0.6379347826086956,0.6756521739130436,0.4283370288248337,0.3,0.3001086956521738,0.3000434782608695,0.3011751662971175,0.0556703296703296,0.0758913043478261,0.0594782608695652,0.0867184035476718,0.0032967032967032,0.0068260869565217,0.0059130434782608,0.0281818181818181,29.653758241758243,20.365391304347828,19.119434782608696,41.7839467849224,26.99584615384616,24.98582608695652,33.36586956521739,14.947915742793793,28.538285714285717,25.93695652173913,34.83495652173913,15.877161862527718,30.403076923076924,22.75143478260869,30.463565217391302,21.40372505543237,3.291120879120879,3.323304347826087,3.921934782608696,2.8866297117516626,Unorganized in Aswan,Aswan,Bare Areas,162.0,37.49553596176846,243.0792763351095,2
24.5,33.5,20.51597802197802,26.234652173913044,27.534565217391304,17.473082039911308,0.4923296703296703,0.6296521739130434,0.6605434782608696,0.4191130820399113,0.32,0.32,0.32,0.3216851441241685,0.0506813186813186,0.0712826086956521,0.0511521739130434,0.0951884700665188,0.0047252747252747,0.0059782608695652,0.0002826086956521,0.0367627494456762,27.97013186813187,20.05897826086956,17.005478260869566,41.70751662971176,29.05589010989011,26.73752173913044,34.88915217391305,16.835720620842572,31.560593406593405,28.628021739130432,37.33558695652174,18.52006651884701,33.188923076923075,25.40263043478261,33.00063043478261,24.11159645232816,3.0308791208791206,3.254869565217392,3.8672608695652175,2.7647006651884705,Marsa 'Alam,Al Bahr al Ahmar,Bare Areas,213.0,58.71890540904397,153.77800770114257,2
24.5,34.5,20.4316043956044,26.231739130434782,27.49032608695652,17.441175166297118,0.4903956043956043,0.6296739130434782,0.6595434782608696,0.4186031042128603,0.33,0.3307391304347826,0.33,0.335210643015521,0.0576483516483516,0.0789130434782608,0.0543260869565217,0.1075609756097561,0.0056703296703296,0.009195652173913,6.521739130434782e-05,0.0331485587583148,30.946703296703294,22.59,17.49117391304348,45.76787139689579,28.35312087912088,25.824934782608693,34.18,16.400709534368072,31.08567032967033,27.96086956521739,36.92454347826087,18.162239467849226,32.75742857142857,24.86804347826087,32.51310869565218,23.70270509977827,3.076879120879121,3.450608695652174,3.791,3.0474944567627498,Marsa 'Alam,Al Bahr al Ahmar,Rainfed Croplands,481.0,159.6481725165591,61.68635693023853,2
25.5,25.5,21.061736263736265,26.383869565217392,28.710608695652173,17.3330155210643,0.5055164835164835,0.6333913043478261,0.6890434782608695,0.415920177383592,0.12,0.121195652173913,0.1200434782608695,0.1222616407982261,0.0539560439560439,0.0691739130434782,0.0478043478260869,0.0989578713968958,0.0061538461538461,0.0234130434782608,0.0061086956521739,0.0493126385809312,37.69241758241758,26.40736956521739,23.938717391304348,52.255631929046565,22.183164835164835,21.3015,29.75810869565217,11.263902439024392,23.282593406593406,21.86521739130435,31.09686956521739,11.53529933481153,25.802703296703296,18.60791304347826,26.67067391304348,16.874656319290466,2.389758241758241,2.929826086956522,2.819065217391304,2.372439024390244,Shurtah al-Dakhlah,Al Wadi al Jadid,Sparse Vegetation,471.0,575.6235543724916,662.0166384030439,0
25.5,26.5,20.982659340659342,26.274239130434783,28.81808695652174,17.275476718403546,0.5036483516483516,0.6304782608695652,0.6917608695652173,0.4145676274944567,0.09,0.0940869565217391,0.0907173913043478,0.0906651884700665,0.0517142857142857,0.0672608695652173,0.0488695652173913,0.0863414634146341,0.0066153846153846,0.0659782608695652,0.002195652173913,0.0532594235033259,38.63138461538461,27.121978260869568,24.54817391304348,53.36017738359202,22.01048351648352,21.02654347826087,29.48976086956522,11.038070953436808,23.030021978021978,21.475978260869567,30.72376086956522,11.228913525498893,25.5081978021978,18.263826086956524,26.34019565217391,16.516474501108647,2.4705274725274724,2.915739130434783,2.8949782608695656,2.430953436807095,Shurtah al-Dakhlah,Al Wadi al Jadid,Sparse Vegetation,441.0,484.7769389069421,635.8386105636679,0
25.5,27.5,20.9918021978022,26.28758695652174,28.71593478260869,17.21820399113082,0.5041538461538462,0.6310217391304347,0.6893478260869564,0.4134146341463414,0.09,0.0923695652173913,0.0901086956521739,0.0901330376940133,0.0454065934065934,0.0610217391304347,0.0413260869565217,0.0787139689578714,0.0044395604395604,0.055,0.0004347826086956,0.0416851441241685,37.78602197802198,26.586521739130436,23.940217391304348,51.87789356984479,22.88674725274725,21.628086956521734,30.253652173913043,11.791662971175166,24.20301098901099,22.306739130434785,31.737586956521746,12.272017738359205,26.574109890109888,19.14182608695652,27.27084782608696,17.536518847006654,2.950263736263736,3.089065217391304,3.375521739130434,2.733414634146341,Shurtah al-Dakhlah,Al Wadi al Jadid,Rainfed Croplands,377.0,397.85652780587,608.9914451564508,0
25.5,28.5,21.124769230769232,26.503086956521734,28.686108695652177,17.32082039911308,0.5067472527472527,0.6362173913043478,0.6884130434782609,0.4156319290465631,0.138,0.1407608695652173,0.138,0.138980044345898,0.0417582417582417,0.0597608695652173,0.042695652173913,0.0643237250554323,0.0012527472527472,0.0145434782608695,0.0036521739130434,0.0500886917960088,35.91898901098901,25.15413043478261,22.58026086956522,49.13117516629712,24.3398021978022,22.95730434782609,31.627086956521737,13.011463414634148,25.995164835164832,23.96545652173913,33.41686956521739,13.835055432372505,28.2776043956044,20.759304347826088,28.90378260869565,19.179534368070957,3.18334065934066,3.217391304347826,3.6503913043478255,2.629179600886918,Shurtah al-Dakhlah,Al Wadi al Jadid,Rainfed Croplands,185.0,318.1794160918812,552.3176908312348,0
25.5,29.5,20.993934065934067,26.553043478260868,28.62995652173913,17.328847006651884,0.5038021978021978,0.6374130434782608,0.6872173913043479,0.4158536585365854,0.34,0.3415869565217391,0.34,0.3404878048780488,0.0669010989010989,0.0992391304347826,0.0713043478260869,0.08980044345898,0.0011208791208791,0.0096304347826086,0.002891304347826,0.0529490022172949,36.969098901098896,25.802326086956523,23.432543478260868,50.26991130820399,23.827934065934063,22.416565217391305,30.795652173913044,12.539312638580933,25.29404395604396,23.21917391304348,32.366195652173914,13.223636363636365,27.43821978021978,20.021478260869564,27.84417391304348,18.673059866962305,3.4173186813186818,3.458391304347826,3.7953260869565217,2.809756097560976,Shurtah al-Dakhlah,Al Wadi al Jadid,Rainfed Croplands,248.0,247.6211821763578,463.4843897932407,0
25.5,30.5,20.91868131868132,26.537934782608698,28.595217391304345,17.33039911308204,0.502,0.6369565217391304,0.6864347826086956,0.4158314855875831,0.22,0.220195652173913,0.22,0.2201330376940133,0.0554945054945054,0.0698695652173913,0.0547173913043478,0.0780931263858093,0.0002857142857142,0.0033043478260869,0.0008478260869565,0.0149445676274944,35.31723076923077,24.26563043478261,22.530217391304348,47.989623059866965,25.21648351648352,23.640478260869568,32.045760869565214,13.672527716186254,26.670197802197805,24.44352173913044,33.57226086956522,14.399290465631928,28.71010989010989,21.24543478260869,29.09717391304348,19.809866962305986,3.637054945054945,3.509195652173913,3.929630434782609,2.776031042128603,Al-Wahat al-Kharijah,Al Wadi al Jadid,Bare Areas,114.0,167.1942047652954,367.1811734348686,2
25.5,31.5,20.895318681318685,26.66313043478261,28.39752173913044,17.390177383592018,0.5015604395604396,0.6400652173913044,0.6819130434782609,0.4172062084257206,0.3291208791208791,0.3296086956521739,0.3269130434782608,0.33,0.0692967032967033,0.0874130434782608,0.068891304347826,0.0920842572062084,0.0004615384615384,0.0035652173913043,8.695652173913044e-05,0.0135033259423503,37.68243956043956,25.653,24.35628260869565,51.078647450110864,23.65356043956044,22.08604347826087,30.172565217391305,12.15279379157428,24.918769230769232,22.64771739130435,31.420478260869565,12.686674057649666,26.87048351648352,19.514434782608696,27.10669565217391,18.15281596452328,3.44389010989011,3.4488478260869564,3.851717391304348,2.842195121951219,Al-Wahat al-Kharijah,Al Wadi al Jadid,Bare Areas,458.0,91.35423401686796,275.5805636569719,0
25.5,32.5,20.592043956043955,26.242304347826085,28.162369565217396,17.15651884700665,0.494043956043956,0.6297826086956522,0.6761086956521739,0.4117960088691796,0.33,0.33,0.3292173913043478,0.3300221729490022,0.0609450549450549,0.0802608695652174,0.0619782608695652,0.0948115299334811,0.0007032967032967,0.0079782608695652,0.0002608695652173,0.0225942350332594,32.01553846153846,22.036826086956523,20.50076086956522,44.73827050997782,26.4361978021978,24.60091304347826,32.88095652173913,14.445898004434593,27.85562637362637,25.576586956521737,34.26223913043478,15.323481152993349,29.741736263736264,22.278804347826085,29.953978260869565,20.846452328159646,2.947054945054945,3.141304347826087,3.6808260869565217,2.5857649667405767,Isna,Qina,Mosaic Cropland And Natural Vegetation,80.0,0.7273328959860001,190.16216907715977,2
25.5,33.5,20.47604395604396,26.076586956521737,27.76695652173913,17.105875831485587,0.4913186813186813,0.626,0.6665434782608696,0.4108647450110865,0.3217142857142857,0.3278478260869565,0.3213260869565217,0.3286917960088692,0.0541978021978022,0.0725217391304347,0.0531304347826087,0.0859866962305986,0.0032527472527472,0.0070217391304347,0.000195652173913,0.0219068736141906,30.17030769230769,21.926260869565212,18.51136956521739,44.10452328159645,27.538857142857143,25.223,33.50795652173913,15.513547671840357,30.13134065934066,27.185543478260872,36.25060869565217,17.122904656319292,31.930747252747253,24.028195652173917,31.794934782608696,22.76031042128603,2.99410989010989,3.3916739130434785,3.755891304347826,2.957849223946785,Al-Qusayr,Al Bahr al Ahmar,Rainfed Croplands,298.0,80.2417695211097,100.8206698158587,2
25.5,34.5,19.920835164835164,25.424869565217392,27.256521739130434,16.451241685144126,0.4778681318681319,0.6101521739130435,0.6542608695652173,0.3947450110864745,0.3207252747252747,0.3273260869565217,0.3206739130434782,0.3264079822616408,0.0604615384615384,0.0748913043478261,0.054891304347826,0.0835920177383592,0.009054945054945,0.0073043478260869,0.0003260869565217,0.0155210643015521,39.18323076923077,29.07441304347826,22.29817391304348,50.02614190687362,27.18430769230769,24.59228260869565,33.344152173913045,16.28789356984479,30.07868131868132,26.891804347826085,36.58580434782609,18.07095343680709,31.97624175824176,24.220195652173917,31.91595652173913,23.40050997782705,3.208307692307692,3.624347826086957,3.8098478260869566,3.2818181818181817,Marsa 'Alam,Al Bahr al Ahmar,Rainfed Croplands,298.0,172.01607815052932,14.926308351247568,2
26.5,25.5,20.65032967032967,26.13482608695652,28.88310869565217,16.824279379157428,0.4954725274725274,0.6273478260869565,0.6931521739130435,0.4036585365853659,0.09,0.0971086956521739,0.0908695652173913,0.0940798226164079,0.0531208791208791,0.0786739130434782,0.0495434782608695,0.1027716186252771,0.021076923076923,0.1214565217391304,0.0029565217391304,0.0838359201773836,39.118703296703295,29.81845652173913,25.17,54.93833702882483,22.78468131868132,21.183086956521738,30.252391304347828,11.677472283813747,23.77545054945055,21.569434782608692,31.50604347826087,11.802527716186251,26.23389010989011,18.54341304347826,26.887521739130435,17.143525498891353,2.335802197802198,2.8816739130434783,2.763108695652174,2.428669623059867,Shurtah al-Dakhlah,Al Wadi al Jadid,Sparse Vegetation,302.0,541.4016463137023,554.5469522296171,0
26.5,26.5,20.54441758241758,26.12436956521739,28.821739130434786,16.82079822616408,0.4929230769230769,0.6271521739130435,0.691804347826087,0.403370288248337,0.09,0.0990217391304347,0.0922826086956521,0.0938359201773836,0.063054945054945,0.0790869565217391,0.0564782608695652,0.1004434589800443,0.018,0.0962608695652174,0.0028043478260869,0.0830820399113082,39.992065934065934,29.776586956521736,25.70021739130435,55.459933481152994,22.659032967032967,21.10343478260869,30.049260869565217,11.561108647450112,23.64692307692308,21.49610869565217,31.273152173913044,11.694966740576495,26.04707692307692,18.47378260869565,26.73854347826087,16.98942350332594,2.475516483516483,2.9373478260869565,2.9067391304347825,2.4939246119733927,Shurtah al-Dakhlah,Al Wadi al Jadid,Sparse Vegetation,263.0,444.52820948283954,528.1985186804794,0
26.5,27.5,20.584637362637363,26.11917391304348,28.696195652173916,16.779246119733923,0.4938901098901099,0.6268695652173913,0.6885434782608696,0.4026164079822616,0.25,0.2536304347826087,0.25,0.250820399113082,0.0719560439560439,0.1214130434782608,0.0656304347826087,0.1396230598669623,0.0141098901098901,0.0419782608695652,0.0019347826086956,0.1146119733924612,39.73173626373626,29.561217391304343,25.442108695652177,54.38580931263858,23.319406593406597,21.584891304347824,30.568782608695653,12.160288248337029,24.66312087912088,22.269391304347828,32.105,12.652638580931264,26.97,19.25573913043478,27.417608695652174,18.079467849223946,2.79934065934066,3.025434782608696,3.2226086956521742,2.6606430155210643,Shurtah al-Dakhlah,Al Wadi al Jadid,Sparse Vegetation,253.0,348.9851410644893,502.1761476751019,0
26.5,28.5,20.627516483516484,26.11323913043478,28.676978260869564,16.73359201773836,0.4949450549450549,0.6269130434782608,0.688304347826087,0.4014412416851441,0.3211868131868132,0.3266304347826086,0.3200652173913043,0.3267184035476718,0.0768571428571428,0.1239347826086956,0.0720652173913043,0.1292461197339246,0.008021978021978,0.0153260869565217,0.0006086956521739,0.0986252771618625,40.29243956043956,29.470913043478262,25.64404347826087,54.08172949002218,23.637494505494505,21.86941304347826,30.74991304347826,12.377427937915744,24.885428571428573,22.444565217391304,32.20936956521739,12.74130820399113,27.10912087912088,19.39073913043478,27.475,18.234212860310414,2.8876043956043955,3.1039565217391303,3.356673913043478,2.531108647450111,Shurtah al-Dakhlah,Al Wadi al Jadid,Bare Areas,174.0,256.2406631738536,482.3210969697996,0
26.5,29.5,20.606835164835164,26.3625,28.65417391304348,16.681818181818183,0.4943956043956043,0.6328260869565218,0.6875652173913043,0.4004878048780488,0.3283956043956044,0.3307173913043478,0.328,0.3303991130820399,0.0755824175824175,0.1119347826086956,0.0727173913043478,0.1274722838137472,0.0068351648351648,0.0132608695652173,6.521739130434782e-05,0.0590909090909091,41.2049010989011,29.831086956521737,26.399,54.66565410199557,23.270527472527476,21.451478260869568,30.152978260869567,12.074833702882485,24.51936263736264,22.031304347826087,31.542456521739133,12.510975609756096,26.621472527472527,19.05034782608696,26.9235,17.91587583148559,3.1095604395604397,3.2902608695652176,3.5013260869565217,2.701441241685144,Shurtah al-Dakhlah,Al Wadi al Jadid,Bare Areas,316.0,170.17475158915275,405.4237211009142,0
26.5,30.5,20.53694505494505,26.250608695652176,28.53576086956522,16.689999999999998,0.4927032967032967,0.630195652173913,0.6849565217391304,0.4004878048780488,0.33,0.3300217391304348,0.3299347826086957,0.3301330376940133,0.0791428571428571,0.0966521739130434,0.0741304347826087,0.1125277161862527,0.0094945054945054,0.0102173913043478,0.0,0.0257427937915742,41.177406593406594,29.02145652173913,26.709,54.15931263858093,23.58301098901099,21.871195652173917,30.33795652173913,12.286518847006652,24.73393406593407,22.389891304347827,31.61971739130435,12.671818181818182,26.778285714285715,19.33632608695652,27.116326086956523,18.08811529933481,3.326637362637362,3.3925652173913043,3.763565217391304,2.7041463414634146,Shurtah al-Dakhlah,Al Wadi al Jadid,Sparse Vegetation,261.0,100.00638624810266,323.15245999985177,0
26.5,31.5,20.364527472527477,26.24263043478261,28.40610869565217,16.717827050997784,0.4887252747252747,0.6297608695652174,0.6819130434782609,0.4011529933481152,0.3299120879120879,0.3299130434782609,0.3275869565217391,0.33,0.0736483516483516,0.0880217391304347,0.0708695652173913,0.0875388026607538,0.0036703296703296,0.0092826086956521,0.0,0.0087583148558758,39.48775824175824,27.94780434782609,25.813891304347823,52.746186252771615,24.063076923076924,22.215891304347824,30.678021739130436,12.467538802660751,25.143604395604395,22.678434782608697,31.787630434782606,12.868980044345898,27.079516483516485,19.574826086956524,27.359760869565218,18.36815964523282,3.138901098901099,3.218695652173913,3.685739130434783,2.5031707317073173,Al-Wahat al-Kharijah,Al Wadi al Jadid,Bare Areas,266.0,20.35425335248438,234.23048344124487,0
26.5,32.5,20.24336263736264,26.03104347826087,28.17921739130435,16.621175166297117,0.4855384615384615,0.6247608695652174,0.6764782608695652,0.3987583148558758,0.3601978021978022,0.3623260869565217,0.3602173913043478,0.3628159645232816,0.0649010989010989,0.0846521739130434,0.0649565217391304,0.0886252771618625,0.0021978021978021,0.005391304347826,0.0,0.0114190687361419,34.48487912087912,24.53695652173913,22.311021739130435,46.91634146341463,25.8789010989011,23.761065217391305,32.090434782608696,13.94359201773836,27.31241758241758,24.74963043478261,33.58695652173913,14.73731707317073,29.129296703296703,21.53723913043478,29.29636956521739,20.17279379157428,3.0557582417582414,3.3100434782608694,3.7576521739130433,2.606385809312638,Unorganized in Suhaj,Suhaj,Bare Areas,512.0,37.93916045883172,144.02999942819983,2
26.5,33.5,20.14654945054945,25.94980434782609,28.03258695652174,16.627937915742795,0.4835604395604396,0.6228260869565218,0.6727391304347826,0.3991796008869179,0.3208131868131868,0.3268478260869565,0.3205869565217391,0.326119733924612,0.0535164835164835,0.074391304347826,0.0534130434782608,0.0849223946784922,0.0013186813186813,0.0054782608695652,0.0009782608695652,0.0262749445676274,35.27558241758241,26.65917391304348,22.51878260869565,47.91031042128603,27.12316483516484,24.422434782608693,33.07682608695652,15.628758314855876,29.77430769230769,26.565391304347827,36.30986956521739,16.997649667405764,31.7050989010989,23.63136956521739,31.576391304347823,22.57917960088692,2.9737802197802194,3.420913043478261,3.571195652173913,3.070022172949002,Safaja,Al Bahr al Ahmar,Bare Areas,640.0,85.74212297121714,47.134383389912834,2
27.5,25.5,20.024417582417584,25.659021739130434,28.847608695652173,16.05350332594235,0.4805934065934065,0.6158260869565216,0.6923478260869566,0.3852993348115299,0.091032967032967,0.1147608695652173,0.0964782608695652,0.110820399113082,0.0729890109890109,0.1081086956521739,0.0691304347826086,0.1292461197339246,0.0573186813186813,0.2047608695652173,0.0386086956521739,0.2161419068736142,41.65432967032967,33.845652173913045,27.88517391304348,58.285986696230594,22.96158241758242,20.771217391304347,30.07917391304348,11.825543237250551,23.99918681318681,21.098717391304348,31.37608695652174,11.926917960088693,26.28582417582417,18.33236956521739,26.69595652173913,17.223325942350332,2.454945054945055,2.992586956521739,2.8628478260869565,2.6072283813747226,Shurtah al-Farafirah,Al Wadi al Jadid,Sparse Vegetation,191.0,521.3550784192522,443.7751719651382,0
27.5,26.5,19.9121978021978,25.605434782608697,28.66382608695652,15.972106430155211,0.4778901098901099,0.6144130434782609,0.6878913043478261,0.3831042128603104,0.101010989010989,0.1248043478260869,0.1057608695652174,0.1142572062084257,0.0764615384615384,0.1088260869565217,0.0695217391304347,0.124190687361419,0.0538901098901098,0.2089130434782608,0.0277391304347826,0.1819068736141907,42.26894505494505,33.84,28.3725652173913,57.94815964523281,23.100659340659337,20.951869565217397,30.171521739130437,12.032971175166296,24.14626373626373,21.30067391304348,31.476152173913047,12.164878048780489,26.423824175824176,18.52478260869565,26.826239130434782,17.42849223946785,2.491164835164835,2.942652173913044,2.887239130434782,2.6353658536585365,Shurtah al-Farafirah,Al Wadi al Jadid,Sparse Vegetation,159.0,424.0654694412833,422.149252105691,0
27.5,27.5,20.120967032967037,25.934608695652173,28.74395652173913,16.02592017738359,0.4828791208791209,0.6224130434782609,0.6897826086956522,0.3846563192904656,0.3516483516483517,0.3638913043478261,0.3517826086956521,0.361019955654102,0.110043956043956,0.1848478260869565,0.0961739130434782,0.2349223946784922,0.0506373626373626,0.0723695652173913,0.1003260869565217,0.2834146341463415,43.68010989010989,34.34328260869565,29.151173913043475,58.52421286031042,23.140813186813187,20.973152173913043,30.06532608695652,12.023680709534368,24.344725274725278,21.53310869565217,31.504978260869567,12.361286031042129,26.5449010989011,18.677,26.82454347826087,17.738447893569845,2.759516483516484,3.079934782608696,3.158217391304348,2.725853658536585,Shurtah al-Farafirah,Al Wadi al Jadid,Sparse Vegetation,218.0,327.46268394089293,397.5097625077996,0
27.5,28.5,20.186571428571423,25.902804347826088,28.74378260869565,16.06538802660754,0.4845714285714285,0.6216956521739131,0.6898260869565217,0.3855432372505543,0.3303956043956044,0.3456304347826087,0.3300869565217391,0.3335254988913526,0.1064395604395604,0.1760652173913043,0.0815217391304347,0.2097339246119734,0.0476043956043956,0.0504782608695652,0.0183260869565217,0.2955432372505543,44.915186813186814,34.876695652173915,29.853608695652174,58.38434589800443,23.184175824175824,20.865652173913045,29.92636956521739,12.004456762749449,24.51778021978022,21.489391304347823,31.58636956521739,12.438270509977826,26.629252747252742,18.730021739130432,26.820652173913043,17.886563192904656,3.0942417582417585,3.313652173913044,3.4851739130434782,2.763636363636364,Shurtah al-Farafirah,Al Wadi al Jadid,Bare Areas,114.0,231.8574295887621,372.311944716272,0
27.5,29.5,19.960835164835167,25.768217391304347,28.49858695652174,15.947250554323723,0.4789670329670329,0.6184565217391305,0.6842608695652174,0.382860310421286,0.3211868131868132,0.3318695652173913,0.3200434782608695,0.327649667405765,0.0996703296703296,0.1603043478260869,0.0764347826086956,0.201529933481153,0.0392527472527472,0.0386521739130434,0.0044565217391304,0.2383813747228381,45.10931868131868,34.67326086956522,30.015608695652176,57.66226164079823,23.380725274725275,21.04730434782609,30.07732608695652,12.288647450110863,24.73076923076923,21.75636956521739,31.798065217391304,12.750753880266076,26.80701098901099,18.99030434782609,27.03745652173913,18.131463414634148,3.09821978021978,3.2672391304347825,3.4637173913043475,2.835055432372505,Shurtah al-Dakhlah,Al Wadi al Jadid,Rainfed Croplands,235.0,133.10873093389756,348.02392313926083,0
27.5,30.5,19.956087912087916,25.75645652173913,28.492434782608697,15.981862527716183,0.4791208791208791,0.6181739130434782,0.6841521739130434,0.3837915742793791,0.3308131868131868,0.3369782608695653,0.330195652173913,0.339490022172949,0.0865494505494505,0.1236521739130434,0.0734347826086956,0.1709312638580931,0.0266593406593406,0.0177608695652173,0.000195652173913,0.0949223946784922,42.838,31.801891304347823,28.620282608695653,55.14827050997783,24.546307692307693,22.383,31.29030434782609,13.042128603104214,25.80378021978022,23.110086956521737,32.791717391304346,13.51729490022173,27.826109890109887,20.07130434782609,28.12054347826087,19.01494456762749,2.9562197802197803,3.139478260869565,3.5067391304347826,2.3365853658536584,Shurtah al-Dakhlah,Al Wadi al Jadid,Rainfed Croplands,132.0,34.53704013714714,261.77676822873246,0
27.5,31.5,20.14112087912088,26.12867391304348,28.62017391304348,16.209933481152994,0.4834945054945055,0.6270434782608696,0.6867391304347825,0.3888691796008869,0.3607032967032967,0.3681304347826087,0.3610652173913043,0.3690465631929046,0.0782197802197802,0.1276521739130434,0.0772173913043478,0.1596008869179601,0.008087912087912,0.0260869565217391,2.173913043478261e-05,0.0740576496674057,40.72995604395605,29.89458695652174,27.208239130434784,52.501773835920176,24.72430769230769,22.60352173913044,31.21313043478261,13.21470066518847,26.073032967032965,23.399152173913045,32.76736956521739,13.760266075388026,27.99679120879121,20.33567391304348,28.289891304347822,19.158558758314857,3.0875824175824174,3.284804347826087,3.745173913043478,2.343680709534368,Unorganized in Asyut,Asyut,Bare Areas,247.0,42.85129006864345,179.97888785293685,0
27.5,32.5,20.26178021978022,26.128043478260867,28.821782608695653,16.322439024390246,0.4862417582417582,0.6271304347826088,0.6919130434782608,0.3914855875831485,0.34,0.3413478260869565,0.34,0.3439024390243902,0.0675384615384615,0.1156086956521739,0.067695652173913,0.1400221729490022,0.004065934065934,0.022195652173913,0.0001521739130434,0.0626829268292682,40.52907692307692,29.38665217391305,26.50604347826087,52.17977827050999,23.92626373626374,21.63234782608696,30.02132608695652,12.291441241685144,25.67120879120879,22.792,31.99313043478261,13.134656319290464,27.517934065934064,19.756347826086955,27.55791304347826,18.58891352549889,3.275758241758242,3.600695652173913,3.915021739130435,2.931951219512195,Unorganized in Asyut,Asyut,Rainfed Croplands,547.0,120.23164599844212,99.67955267614671,0
28.5,25.5,19.53674725274725,25.449608695652174,28.71032608695652,15.482328159645231,0.4688791208791208,0.6108478260869565,0.6890434782608695,0.371529933481153,0.092,0.1174565217391304,0.0942173913043478,0.1197782705099778,0.079054945054945,0.1088260869565217,0.0665,0.1399113082039911,0.0824395604395604,0.085695652173913,0.0022608695652173,0.3094013303769401,45.15564835164835,37.679804347826085,31.06980434782609,61.41882483370288,23.09287912087912,20.504,29.98084782608696,12.071263858093127,24.1861978021978,20.933152173913044,31.52884782608696,12.168270509977829,26.43279120879121,18.31871739130435,26.751021739130437,17.41277161862528,2.507252747252747,3.084108695652174,2.921391304347826,2.7837472283813747,Siwa,Matrouh,Sparse Vegetation,120.0,513.8311830374284,333.0010266101753,0
28.5,26.5,19.72731868131868,25.658739130434785,28.63086956521739,15.499268292682927,0.4736043956043956,0.6157826086956522,0.687391304347826,0.3720177383592017,0.2852087912087912,0.3028043478260869,0.2847608695652174,0.30960088691796,0.1203516483516483,0.188,0.0849782608695652,0.2707317073170732,0.110065934065934,0.2359130434782608,0.0105869565217391,0.3200443458980044,46.20178021978023,38.54004347826086,32.004260869565215,62.17053215077605,23.19879120879121,20.52434782608696,30.05132608695652,12.108736141906874,24.320835164835163,21.0005,31.66117391304348,12.181019955654104,26.561736263736265,18.356586956521745,26.78795652173913,17.584301552106428,2.51189010989011,3.0223695652173914,2.9607391304347828,2.738070953436807,Siwa,Matrouh,Sparse Vegetation,140.0,416.00250318428976,315.20522962565525,3
28.5,27.5,19.785516483516485,25.7815,28.74232608695652,15.442261640798224,0.4747912087912088,0.6186739130434782,0.6896739130434782,0.3706873614190688,0.2738241758241758,0.2987608695652174,0.2748695652173913,0.2933481152993348,0.1216703296703296,0.2015217391304347,0.0897391304347826,0.2572949002217295,0.1291648351648351,0.5486086956521739,0.004,0.4590465631929047,48.31553846153846,40.08156521739131,34.76173913043478,61.694855875831486,23.213780219780222,20.50463043478261,29.687391304347827,12.326252771618623,24.352637362637363,21.012695652173917,31.28484782608696,12.47660753880266,26.452285714285715,18.4475,26.61382608695652,17.72589800443459,2.617098901098901,3.091391304347826,3.090413043478261,2.767095343680709,Siwa,Matrouh,Sparse Vegetation,96.0,318.24859245120507,290.9415496042903,3
28.5,28.5,19.786021978021974,25.774391304347823,28.734826086956524,15.393569844789358,0.4746153846153846,0.6186521739130434,0.6895434782608696,0.36960088691796,0.2148351648351648,0.2436521739130434,0.2144565217391304,0.2316851441241685,0.0981758241758241,0.1673478260869565,0.0690652173913043,0.2055210643015521,0.069054945054945,0.1216304347826087,0.0002608695652173,0.451330376940133,49.76481318681319,40.28930434782609,35.59171739130435,61.26006651884701,23.27692307692308,20.50134782608696,29.61208695652174,12.35920177383592,24.774725274725277,21.35465217391304,31.58626086956522,12.869157427937916,26.753846153846155,18.776695652173917,26.892978260869565,18.07529933481153,3.0151428571428576,3.305478260869565,3.4961521739130434,2.9058980044345897,Unorganized in Al Jizah,Al Jizah,Sparse Vegetation,254.0,220.6494713608961,262.95234885418887,3
28.5,29.5,19.55843956043956,25.52071739130435,28.43717391304348,15.254057649667406,0.4693626373626374,0.6124782608695652,0.6828043478260869,0.365720620842572,0.3215824175824175,0.3413695652173913,0.32,0.336430155210643,0.1123956043956043,0.200695652173913,0.0780869565217391,0.2574279379157428,0.0628571428571428,0.1302391304347826,0.0005217391304347,0.3797117516629711,49.54450549450549,40.131565217391305,35.3034347826087,60.87809312638581,23.65942857142857,20.80167391304348,29.99145652173913,12.593547671840351,25.098769230769232,21.615565217391303,31.919760869565216,13.05640798226164,27.053648351648352,19.01091304347826,27.102630434782608,18.418181818181814,3.115142857142857,3.3028043478260867,3.575326086956522,2.8483148558758318,Unorganized in Al Jizah,Al Jizah,Bare Areas,89.0,123.54434102741573,260.43761241319896,3
28.5,30.5,19.490527472527475,25.424217391304342,28.36763043478261,15.219467849223946,0.4676703296703297,0.6102391304347826,0.6807608695652173,0.3651662971175166,0.3311868131868132,0.336195652173913,0.33,0.3401773835920177,0.1027692307692307,0.1709130434782609,0.0747608695652174,0.2275166297117516,0.0597362637362637,0.1486739130434782,0.0004565217391304,0.2145011086474501,47.4458021978022,37.72267391304348,33.53495652173913,58.33889135254989,24.59635164835165,21.85960869565217,30.90634782608696,13.27250554323725,26.000065934065937,22.72436956521739,32.735652173913046,13.732017738359202,27.88248351648352,19.923,28.011304347826087,19.15028824833703,3.070747252747253,3.239217391304348,3.628217391304348,2.3421064301552104,Unorganized in Al Minya,Al Minya,Bare Areas,115.0,30.07476442038336,214.1102968700683,0
28.5,31.5,19.73028571428572,25.744739130434784,28.63132608695652,15.43407982261641,0.4733626373626373,0.6179565217391304,0.6868478260869565,0.3702439024390244,0.3806373626373626,0.3852391304347826,0.38,0.3900665188470066,0.1076263736263736,0.1851739130434782,0.079695652173913,0.2586474501108647,0.0452307692307692,0.1522826086956521,0.000391304347826,0.2236141906873614,45.90628571428572,35.71210869565218,31.54486956521739,56.85512195121951,24.36406593406593,21.731630434782605,30.60417391304348,13.025166297117517,25.84021978021978,22.60002173913044,32.51378260869565,13.455476718403547,27.71395604395605,19.76315217391304,27.84763043478261,18.861552106430157,3.069296703296703,3.312934782608696,3.704239130434783,2.4148558758314853,Unorganized in Bani Suwayf,Bani Suwayf,Bare Areas,330.0,63.68891414691518,121.75443968426276,0
28.5,32.5,19.676329670329668,25.69480434782609,28.7355,15.38190687361419,0.4722417582417582,0.6166956521739131,0.6894565217391304,0.3688691796008869,0.330021978021978,0.335304347826087,0.33,0.336740576496674,0.1104615384615384,0.1748913043478261,0.0759130434782608,0.2342350332594235,0.0441758241758241,0.1214130434782608,0.0046304347826086,0.2339911308203991,51.45391208791209,38.371913043478266,35.363891304347824,58.91279379157427,22.42701098901099,19.827891304347823,28.209021739130435,11.701263858093128,24.203736263736264,21.01363043478261,30.40517391304348,12.428181818181818,25.99235164835165,18.409065217391305,25.97210869565217,17.68527716186253,3.4543296703296704,3.686739130434783,3.8762391304347834,3.088957871396896,Ras Gharib,Al Bahr al Ahmar,Rainfed Croplands,832.0,148.2204350539655,37.134177447158415,3
28.5,33.5,19.79101098901099,25.920065217391304,28.788217391304347,15.84239467849224,0.4748131868131868,0.6220869565217392,0.6908043478260869,0.3802660753880266,0.3200879120879121,0.3225,0.32,0.323569844789357,0.0801098901098901,0.1373043478260869,0.0649347826086956,0.1824611973392461,0.0239120879120879,0.0760217391304347,0.000391304347826,0.1302217294900221,38.42215384615385,30.27734782608696,26.660695652173917,52.24760532150776,22.806637362637364,19.93830434782609,28.54886956521739,11.217605321507762,24.52995604395604,21.25228260869565,31.160630434782608,11.767472283813747,26.44410989010989,18.22904347826087,26.37128260869565,17.30310421286031,2.7005714285714286,3.220521739130435,3.406934782608696,2.5749667405764964,At-Tur,Janub Sina',Bare Areas,81.0,236.7011500735168,13.615106852879238,0
29.5,25.5,19.15364835164835,25.03152173913044,28.40867391304348,14.581884700665189,0.4596043956043956,0.6009565217391304,0.6818913043478261,0.3496452328159645,0.382945054945055,0.4023478260869566,0.3800217391304348,0.4275388026607539,0.1408351648351648,0.2585217391304348,0.0922608695652173,0.3782483370288248,0.1519560439560439,0.1147391304347826,0.0004347826086956,0.6858536585365853,48.30551648351648,42.78282608695652,35.003913043478256,65.13,23.51556043956044,20.250847826086957,30.19832608695652,12.245764966740577,25.05079120879121,21.042391304347827,32.30639130434783,12.545521064301552,27.165978021978024,18.532217391304343,27.141,18.08933481152993,2.654087912087912,3.255086956521739,3.216717391304348,2.818957871396896,Siwa,Matrouh,Rainfed Croplands,125.0,527.9595613923993,222.243628019338,3
29.5,26.5,19.06235164835165,24.914847826086955,28.34991304347826,14.432261640798226,0.4575164835164835,0.5978043478260869,0.6804565217391304,0.3462305986696231,0.3861098901098901,0.4082173913043478,0.3801086956521739,0.4297117516629712,0.154043956043956,0.2749130434782609,0.0967608695652173,0.3821729490022173,0.2303736263736263,0.1355869565217391,0.001391304347826,0.6744567627494457,50.45758241758242,45.36767391304348,37.129,65.59490022172949,23.34496703296703,19.85497826086957,29.832891304347825,12.265033259423502,24.85334065934066,20.642282608695652,31.93745652173913,12.505742793791574,26.928615384615387,18.2915,26.8065,17.99059866962306,2.7227912087912087,3.2164130434782607,3.291217391304348,2.922727272727273,Marsa Matruh,Matrouh,Rainfed Croplands,3.0,433.68202978679136,211.5020783603321,3
29.5,27.5,19.0403956043956,24.908239130434783,28.345304347826087,14.39649667405765,0.4569670329670329,0.5978695652173913,0.6802391304347826,0.3453658536585365,0.2464615384615384,0.2695217391304348,0.2489130434782608,0.2695787139689579,0.1436923076923076,0.2113478260869565,0.1159782608695652,0.2645676274944568,0.2395164835164835,0.1752608695652174,0.0014782608695652,0.9030376940133036,51.011560439560434,44.99267391304348,39.76086956521739,62.555144124168514,24.6038021978022,21.15736956521739,30.671565217391304,13.629268292682926,26.38158241758242,22.370826086956523,33.09508695652174,14.147161862527716,28.392747252747256,19.952130434782607,28.182108695652172,19.506585365853656,2.658153846153846,3.125369565217392,3.3178695652173915,2.6755210643015523,Marsa Matruh,Matrouh,Rainfed Croplands,-82.0,339.4475682522727,181.8967242388964,3
29.5,28.5,19.19241758241758,25.01315217391304,28.558521739130438,14.45940133037694,0.4606153846153846,0.6004782608695652,0.6853478260869565,0.3469179600886918,0.3683736263736263,0.4011521739130435,0.3601304347826087,0.4062084257206208,0.1730989010989011,0.2985869565217391,0.0925652173913043,0.3869844789356984,0.2813406593406593,0.2781739130434782,0.0018260869565217,0.9329711751662972,56.89883516483517,49.00260869565218,44.52132608695653,66.74115299334811,23.02004395604396,19.614282608695653,28.848304347826087,12.32660753880266,24.580329670329668,20.542782608695653,31.184326086956524,12.650753880266077,26.46953846153846,18.18771739130435,26.36967391304348,17.87141906873614,2.985978021978022,3.392543478260869,3.629108695652174,2.9490243902439026,Ad-Dab'ah,Matrouh,Rainfed Croplands,172.0,246.0309142616561,155.6502082934484,3
29.5,29.5,19.10648351648352,25.055717391304345,28.63552173913044,14.37529933481153,0.4583516483516484,0.6014130434782609,0.6873478260869565,0.3448780487804878,0.3178901098901098,0.3584130434782608,0.3103913043478261,0.3573392461197339,0.1604615384615384,0.2820652173913043,0.0924347826086956,0.3418625277161862,0.280021978021978,0.2585652173913043,0.0037608695652173,0.7935476718403547,57.9083956043956,49.63852173913044,45.88571739130435,66.67266075388027,22.728,19.29478260869565,28.358152173913044,12.199933481152993,24.326285714285717,20.214891304347827,30.705978260869564,12.602084257206208,26.126131868131868,17.981978260869564,25.92465217391304,17.799578713968955,3.2128351648351647,3.4986739130434783,3.816195652173913,3.0688248337028825,Al-Hammam,Matrouh,Rainfed Croplands,235.0,155.1097007418641,150.81410599861692,3
29.5,30.5,18.97512087912088,24.928434782608697,28.35310869565217,14.30031042128603,0.4554505494505494,0.5984347826086956,0.6805869565217391,0.3431707317073171,0.3488791208791209,0.3707826086956521,0.3404347826086957,0.3715742793791574,0.1504175824175824,0.2477391304347826,0.0890652173913043,0.3104878048780488,0.2196043956043956,0.3153260869565217,0.0104565217391304,0.4765188470066518,53.39164835164836,45.78295652173913,40.597130434782606,62.87886917960088,24.43646153846154,21.003652173913043,30.216804347826088,13.462971175166295,26.03228571428572,21.999,32.523347826086955,13.896141906873616,27.804835164835165,19.55460869565217,27.628043478260867,19.24949002217295,3.186417582417582,3.3803695652173915,3.788065217391305,2.591330376940133,Unorganized in Al Qahirah,Al Qahirah,Bare Areas,35.0,69.21762836799506,178.38876138077995,3
29.5,31.5,19.121054945054944,25.055565217391305,28.641804347826085,14.278226164079822,0.4586153846153846,0.6013260869565218,0.6874347826086956,0.3427050997782705,0.3858901098901099,0.3996304347826087,0.38,0.407250554323725,0.1553186813186813,0.2628695652173913,0.090391304347826,0.3430820399113082,0.2264395604395604,0.4792173913043478,0.0056739130434782,0.5124611973392461,52.07973626373626,43.50271739130435,37.8633695652174,61.78066518847007,24.397494505494507,21.15882608695652,30.32884782608696,13.331618625277162,25.948197802197804,22.03786956521739,32.575782608695654,13.641330376940132,27.77512087912088,19.48930434782609,27.67502173913044,19.046718403547672,3.1635384615384616,3.4428695652173915,3.653152173913044,2.5267405764966737,Unorganized in Al Jizah,Al Jizah,Bare Areas,408.0,21.824856879127896,81.81080864546634,3
29.5,33.5,19.45485714285714,25.68008695652174,29.381391304347822,14.734833702882485,0.4668571428571428,0.6163478260869565,0.705304347826087,0.3539024390243903,0.3336043956043956,0.3385652173913043,0.3301521739130434,0.3422172949002217,0.152043956043956,0.2063478260869565,0.089,0.2679379157427938,0.1402197802197802,0.1666086956521739,0.0518260869565217,0.280110864745011,56.992549450549454,44.19060869565217,41.78904347826087,62.59356984478936,20.74276923076923,17.814826086956522,26.06182608695652,10.273348115299337,22.43076923076923,18.871543478260868,28.386739130434783,10.678736141906873,24.08074725274725,16.371782608695653,23.882217391304348,15.814678492239468,2.7467252747252746,3.2239565217391304,3.0418695652173917,2.775764966740576,Ras Sidr,Janub Sina',Bare Areas,579.0,213.91066577727747,61.04708883675799,3
29.5,34.5,19.36635164835165,25.509065217391303,29.166304347826088,14.706917960088692,0.4646813186813187,0.6121739130434783,0.700195652173913,0.3529268292682926,0.3537802197802198,0.3482173913043478,0.3406086956521739,0.3573835920177384,0.1702857142857143,0.204391304347826,0.0899565217391304,0.2705543237250554,0.2203296703296703,0.1511086956521739,0.0920434782608695,0.247139689578714,57.11780219780219,44.63184782608696,42.76906521739131,63.02368070953437,20.831912087912087,17.904673913043478,26.139913043478263,10.230687361419069,22.71635164835165,19.233195652173915,28.656934782608698,10.807472283813748,24.372945054945056,16.64871739130435,24.172413043478254,15.990022172949002,2.981692307692308,3.4053913043478263,3.650847826086957,2.694878048780488,Nuweiba',Janub Sina',Bare Areas,929.0,310.5058213507025,31.05232168072233,3
30.5,25.5,18.72865934065934,24.757760869565217,28.71032608695652,13.739268292682926,0.4496483516483516,0.5942391304347826,0.6889130434782608,0.3296008869179601,0.3465714285714286,0.3707173913043478,0.339695652173913,0.3964966740576496,0.1435384615384615,0.2873260869565217,0.0893043478260869,0.3625942350332594,0.2926813186813187,0.1910869565217391,0.0013043478260869,0.5224611973392461,55.592615384615385,50.41426086956522,45.40782608695652,68.11731707317072,22.499824175824177,18.82152173913044,28.406913043478266,11.83259423503326,24.21415384615385,19.83008695652174,30.82186956521739,12.230221729490022,26.08156043956044,17.64186956521739,25.811391304347826,17.51037694013304,2.8875164835164835,3.5237608695652174,3.697434782608696,3.111773835920177,As-Salum,Matrouh,Rainfed Croplands,198.0,543.7469021676945,111.59945654281508,3
30.5,26.5,18.83476923076923,24.923065217391304,28.8725,13.758026607538802,0.452021978021978,0.5981304347826086,0.6930652173913043,0.3300886917960088,0.3496703296703297,0.3890869565217391,0.3400652173913043,0.4085365853658536,0.1532307692307692,0.3246086956521739,0.1023478260869565,0.3733924611973392,0.3258241758241758,0.270195652173913,0.0022391304347826,0.5238802660753881,58.24716483516483,53.84532608695652,48.09582608695653,69.670022172949,22.147868131868133,18.1615,27.788108695652177,11.684634146341464,23.563472527472527,18.83928260869565,29.84617391304348,11.831773835920178,25.332153846153844,16.939521739130434,24.91313043478261,17.00259423503326,2.8832747252747253,3.4431086956521737,3.703021739130435,3.13430155210643,Marsa Matruh,Matrouh,Bare Areas,179.0,447.90138151680566,109.51345669926476,3
30.5,27.5,18.71903296703297,24.823239130434786,28.825434782608696,13.590465631929048,0.4492967032967033,0.5955869565217392,0.6919782608695653,0.3260975609756097,0.3549670329670329,0.4105,0.3441304347826087,0.4194235033259423,0.1675384615384615,0.3570434782608696,0.1232173913043478,0.3836363636363636,0.3945054945054945,0.7632173913043477,0.0027391304347826,0.5787361419068736,61.15004395604396,57.75441304347826,52.15941304347827,70.90951219512195,22.317076923076925,17.975804347826088,27.445369565217398,12.018048780487806,23.61092307692308,18.58869565217391,29.377782608695654,12.071241685144123,25.17492307692308,16.881478260869564,24.49308695652174,17.121219512195122,3.02178021978022,3.4744130434782607,3.903760869565217,3.0770731707317074,Marsa Matruh,Matrouh,Sparse Vegetation,216.0,352.2015888188043,76.93228601721279,1
30.5,28.5,18.64835164835165,24.80389130434783,28.82130434782609,13.513082039911309,0.4473846153846154,0.5951739130434782,0.691804347826087,0.324390243902439,0.3353846153846154,0.4105217391304347,0.3238695652173913,0.410820399113082,0.1789670329670329,0.3706086956521739,0.1287173913043478,0.3911751662971175,0.4608351648351648,1.2969565217391306,0.0045652173913043,0.8527494456762749,63.02964835164836,60.996413043478256,57.61980434782609,69.86767184035476,23.282615384615383,18.544478260869564,27.647978260869564,13.258558758314855,24.72059340659341,19.334521739130437,29.981760869565218,13.30778270509978,26.06230769230769,17.80595652173913,25.199847826086955,18.25829268292683,3.0337142857142854,3.3711956521739133,3.640217391304348,3.132172949002217,Al-Hammam,Matrouh,Sparse Vegetation,180.0,256.78830677430574,55.74758428478,1
30.5,29.5,18.74604395604396,24.813652173913045,28.647304347826086,13.855454545454544,0.4501978021978022,0.5954782608695652,0.6875217391304348,0.332660753880266,0.3409230769230769,0.4159347826086956,0.3320217391304348,0.40980044345898,0.1856483516483516,0.3737173913043478,0.1422826086956521,0.3876940133037694,0.4181098901098901,1.2211304347826084,0.0048478260869565,0.8136807095343681,64.63573626373626,61.35932608695652,59.66719565217392,70.9209312638581,23.059846153846152,18.43876086956522,27.173565217391303,13.180953436807094,24.26738461538461,19.06984782608696,29.255978260869565,13.141685144124168,25.54386813186813,17.562608695652173,24.719978260869567,18.01119733924612,2.942571428571428,3.262369565217392,3.458434782608696,3.033059866962306,Al-Hammam,Matrouh,Rainfed Croplands,115.0,162.1802660871787,45.47049945090584,1
30.5,30.5,18.46435164835165,24.308108695652173,28.371782608695653,13.188314855875833,0.4430549450549451,0.5834565217391304,0.6807608695652173,0.3163858093126386,0.3234065934065934,0.3676739130434782,0.3236739130434783,0.3549667405764967,0.1378681318681318,0.2865434782608695,0.1131521739130434,0.3146784922394678,0.1995604395604395,0.692608695652174,0.0077826086956521,0.6332150776053215,57.77061538461539,53.71171739130435,49.24210869565217,65.97035476718403,24.702153846153845,20.469586956521734,29.667826086956524,14.089490022172948,26.205934065934063,21.41667391304348,31.72384782608696,14.472305986696233,27.62514285714286,19.42652173913044,27.089,19.568625277161864,2.6184835164835167,2.9733478260869566,3.0985217391304345,2.514345898004435,Unorganized in Al Buhayrah,Al Buhayrah,Bare Areas,36.0,71.69621405381773,84.23601650082664,3
30.5,31.5,18.168065934065933,23.758260869565216,27.76304347826087,13.009312638580932,0.4360659340659341,0.5701956521739131,0.6662391304347826,0.3122616407982262,0.4547472527472527,0.4767391304347826,0.4506086956521739,0.4746563192904656,0.1572747252747252,0.3143695652173913,0.1091086956521739,0.3798669623059866,0.188021978021978,0.701,0.0066739130434782,0.5864523281596452,56.997802197802194,52.03884782608696,46.116,65.90891352549889,25.032659340659343,20.935195652173917,30.38226086956522,14.181618625277162,26.62797802197802,21.967652173913045,32.59947826086957,14.594345898004436,28.150175824175825,19.816934782608698,27.74767391304348,19.952017738359203,2.507450549450549,2.917152173913044,2.8900869565217397,2.429689578713969,Bilbays,Ash Sharqiyah,Mosaic Cropland And Natural Vegetation,9.0,48.764887349241135,83.27732741385906,3
30.5,32.5,18.571296703296703,24.47291304347826,28.66354347826087,13.520421286031045,0.4456043956043956,0.5873478260869566,0.6878913043478261,0.3243237250554324,0.1801758241758241,0.2362391304347826,0.1917391304347826,0.2128159645232816,0.1367252747252747,0.2179565217391304,0.1254347826086956,0.225720620842572,0.1722637362637362,0.5910217391304348,0.0093043478260869,0.6531929046563192,61.15901098901099,54.13854347826087,50.92036956521739,65.33456762749445,23.93789010989011,19.92367391304348,28.739391304347823,13.703747228381376,25.490593406593405,20.85584782608696,31.072195652173917,13.931729490022173,26.954659340659344,18.944130434782608,26.451608695652173,18.90008869179601,2.6872747252747256,3.12895652173913,2.9234565217391304,2.624656319290465,Al-Qantarah ash-Sharqiyah,Al Isma`iliyah,Rainfed Croplands,125.0,128.48157870841652,54.57777901212059,3
30.5,33.5,18.73450549450549,24.933739130434784,28.915826086956525,13.882239467849224,0.4495824175824175,0.5983260869565218,0.6942173913043478,0.3329046563192905,0.3327032967032967,0.3840869565217391,0.3329347826086957,0.3783592017738358,0.1712087912087912,0.3138043478260869,0.120391304347826,0.3612638580931264,0.1757362637362637,0.4518913043478261,0.0129347826086956,0.8229490022172948,63.96863736263736,57.11232608695652,54.42884782608696,67.11538802660755,22.52907692307692,18.44426086956522,27.042065217391304,12.205543237250554,24.22375824175824,19.285391304347822,29.56936956521739,12.254235033259423,25.55156043956044,17.329239130434782,24.814739130434784,17.372527716186255,2.5336703296703296,2.894282608695652,2.8701304347826087,2.596607538802661,Al-Hasanah,Shamal Sina',Rainfed Croplands,292.0,221.52057233488256,66.92171640709617,3
30.5,34.5,18.662373626373626,24.71565217391305,29.022304347826086,13.714478935698446,0.4478901098901098,0.5932608695652174,0.6968043478260869,0.3290243902439024,0.4578901098901099,0.5011086956521739,0.453695652173913,0.5025277161862527,0.1907032967032967,0.3590217391304348,0.1323913043478261,0.4527050997782705,0.1836703296703296,0.4799782608695652,0.005195652173913,0.8777383592017739,62.51828571428571,55.03019565217391,52.72884782608696,68.03745011086474,22.156835164835165,18.24702173913043,26.682521739130436,11.472217294900222,23.887780219780225,19.113434782608696,29.18613043478261,11.577627494456763,25.22318681318681,16.95130434782609,24.461891304347823,16.87687361419069,2.6105274725274725,2.8703695652173917,2.866108695652174,2.486829268292683,Shurtah al-Qasimah,Shamal Sina',Bare Areas,581.0,316.4194060100112,91.6985451017202,3
31.5,25.5,17.48276923076923,22.944521739130437,27.87104347826087,12.066164079822617,0.4195164835164835,0.5508478260869565,0.6688913043478261,0.2896674057649668,0.3610989010989011,0.4765,0.3464130434782608,0.4992682926829268,0.2252527472527472,0.4387826086956521,0.183195652173913,0.4798447893569845,0.7169670329670329,0.5971521739130434,0.004,1.3686252771618626,64.80094505494506,66.96319565217391,65.76465217391305,72.63432372505544,23.158373626373624,17.84686956521739,26.462304347826088,14.02481152993348,23.943406593406596,18.15417391304348,28.74360869565217,12.957317073170731,25.13936263736264,16.976065217391305,24.01421739130435,17.716696230598668,3.2250109890109893,3.697891304347826,3.510717391304348,4.020443458980044,Sidi Barrani,Matrouh,Bare Areas,6.0,559.4710398965398,2.871819261925319,1
31.5,26.5,17.166,22.89286956521739,27.30410869565217,11.765299334811528,0.4119780219780219,0.549304347826087,0.6553478260869565,0.2824168514412417,0.3549450549450549,0.4768260869565217,0.3385652173913043,0.5031263858093127,0.227076923076923,0.4433260869565217,0.1985652173913043,0.4930598669623059,0.8781538461538462,0.6326739130434782,0.0016739130434782,1.3682261640798228,66.72791208791209,68.90621739130435,68.19402173913043,72.19966740576497,23.109538461538463,17.63621739130435,26.072260869565216,14.39470066518847,24.057934065934067,18.181065217391307,28.787304347826087,13.08068736141907,25.243384615384613,17.042108695652175,24.06291304347826,17.818070953436806,3.474,4.0060652173913045,3.8027391304347824,4.411662971175167,Marsa Matruh,Matrouh,Bare Areas,0.0,467.9164227508448,0.6763235914758254,1
31.5,30.5,16.990923076923078,22.737260869565212,27.195695652173917,11.560332594235032,0.4080879120879121,0.5457173913043478,0.6524565217391304,0.2773170731707317,0.4666373626373626,0.5259565217391304,0.4604347826086957,0.5411529933481153,0.4084615384615384,0.5842173913043478,0.3622173913043478,0.6424390243902439,0.3815164835164835,0.8945869565217391,0.0041304347826086,1.5228824833702883,66.31775824175824,67.9231956521739,66.8979347826087,70.05427937915742,24.71672527472528,19.00336956521739,27.17017391304348,16.141729490022172,27.907912087912088,22.09543478260869,33.40645652173913,15.86760532150776,29.217384615384614,20.453478260869566,28.44480434782609,21.16993348115299,3.86,4.304565217391304,4.192565217391304,4.299312638580932,Mutubis,Kafr ash Shaykh,Artificial Surfaces And Associated Areas,0.0,159.63135668213496,4.4002502930704095,1
31.5,31.5,16.77465934065934,22.359891304347823,26.788717391304345,11.662860310421284,0.4025054945054945,0.5365217391304348,0.6431086956521739,0.2798669623059867,0.5878461538461538,0.6280652173913043,0.5810434782608696,0.646008869179601,0.2078901098901099,0.4597826086956522,0.1351521739130435,0.5867184035476719,0.3095164835164835,0.7254130434782609,0.0054130434782608,1.2300665188470066,65.46518681318682,66.82660869565218,64.91695652173912,69.8241019955654,24.856461538461534,19.23673913043478,27.52534782608696,16.04481152993348,28.307472527472527,22.692304347826084,34.08504347826087,16.08820399113082,29.707978021978025,20.91532608695652,29.002717391304348,21.470820399113084,3.8130329670329672,4.331239130434782,4.142130434782608,4.251529933481153,Bilqas,Ad Daqahliyah,Artificial Surfaces And Associated Areas,0.0,151.24277484066616,4.109542692301111,1
